Source;Titre;Marque;Modèle;Année;Prix_DT;Kilométrage;Energie;Boite;Localisation;Puissance_Fiscale;Etat_Vehicule;Description;Annonce-Deposee;Annonce-Detectee;Statut;Lien
sayyaratn.com;Renault Renault Express Van 2024 — 123 333 DT;Renault;Renault Express Van;2024;123333;9000;diesel;manuelle;;5;excellent;;;2026-07-26;Active;https://www.sayyaratn.com/annonce/92e54cd9-4138-4931-9391-43764ddad02e
sayyaratn.com;Peugeot 407 2005 — 29 000 DT;Peugeot;407;2005;29000;150000;essence;automatique;;9;excellent;;;2026-07-26;Active;https://www.sayyaratn.com/annonce/8da0cc44-5ba5-47a4-b451-676d4fc05e02
sayyaratn.com;Peugeot Partner k9 2021 — 43 000 DT;Peugeot;Partner k9;2021;43000;185000;diesel;manuelle;;6;;;;2026-07-26;Active;https://www.sayyaratn.com/annonce/65283b4b-6450-475d-bd2d-6cdd7c19d6f0
sayyaratn.com;Skoda Fabia 2015 — 35 DT;Skoda;Fabia;2015;35;149;essence;manuelle;;4;;;;2026-07-26;Active;https://www.sayyaratn.com/annonce/6f40360d-6c32-4942-ab0d-dde91800d077
sayyaratn.com;Chery, Tiggo 3x 2023 — 56 950 DT;Chery,;Tiggo 3x;2023;56950;45000;essence;automatique;;6;excellent;;;2026-07-26;Active;https://www.sayyaratn.com/annonce/df9108d1-6d2b-4d7e-bb89-fec5a4e30254
sayyaratn.com;Mercedes-Benz GLC 300 e 4MATIC AMG Line Premium Plus 2023 — 260 000 DT;Mercedes-Benz;GLC 300 e 4MATIC AMG Line Premium Plus;2023;260000;50000;hybride;automatique;;11;excellent;;;2026-07-26;Active;https://www.sayyaratn.com/annonce/bb28a8bb-f8c4-4dd7-9635-2ab5c8a7a5f4
sayyaratn.com;Hyundai i10 2022 — 37 500 DT;Hyundai;i10;2022;37500;92000;essence;manuelle;;4;excellent;;;2026-07-26;Active;https://www.sayyaratn.com/annonce/eb47da33-a157-4f21-99b6-26fefa29ac3f
sayyaratn.com;Citroën DS3 2013 — 27 500 DT;Citroën;DS3;2013;27500;115000;essence;manuelle;;5;tres_bon;;;2026-07-26;Active;https://www.sayyaratn.com/annonce/40f26790-cc1f-4413-8ffa-9220e83c1d5f
sayyaratn.com;Peugeot Peugeot 407 2005 — 29 000 DT;Peugeot;Peugeot 407;2005;29000;150000;essence;automatique;;9;excellent;;;2026-07-26;Active;https://www.sayyaratn.com/annonce/73197842-689b-4996-867e-01c060bf1e09
sayyaratn.com;Fiat Grand Punto 2018 — 28 500 DT;Fiat;Grand Punto;2018;28500;150000;essence;manuelle;;;;;;2026-07-26;Active;https://www.sayyaratn.com/annonce/dca1e519-990c-4575-9046-7cf4817f1a4c
sayyaratn.com;Renault MEGANE 2010 — 22 000 DT;Renault;MEGANE;2010;22000;240000;diesel;manuelle;;;;;;2026-07-26;Active;https://www.sayyaratn.com/annonce/eb70bc5c-eba8-4d6d-b844-7ee8dd781e99
sayyaratn.com;Dacia LOGAN MCV 2021 — 40 000 DT;Dacia;LOGAN MCV;2021;40000;109998;essence;manuelle;;;;;;2026-07-26;Active;https://www.sayyaratn.com/annonce/571436c7-a8c0-4e93-b246-098f9221fb75
sayyaratn.com;Renault Megane 2026 — 31 000 DT;Renault;Megane;2026;31000;158000;essence;manuelle;;7;tres_bon;;;2026-07-26;Active;https://www.sayyaratn.com/annonce/fc693f39-669d-4c93-8c85-f584aaecd449
sayyaratn.com;Renault Symbol 2010 — 28 000 DT;Renault;Symbol;2010;28000;142000;essence;manuelle;;;;;;2026-07-26;Active;https://www.sayyaratn.com/annonce/b3558750-0d36-4206-ad2b-10be94845f8b
sayyaratn.com;Peugeot 208 2016 — 31 500 DT;Peugeot;208;2016;31500;107000;essence;manuelle;;;;;;2026-07-26;Active;https://www.sayyaratn.com/annonce/814ebf7c-0cd4-4020-b7a6-4522906a4355
sayyaratn.com;Peugeot Expert 2020 — 55 500 DT;Peugeot;Expert;2020;55500;155000;diesel;manuelle;;;;;;2026-07-26;Active;https://www.sayyaratn.com/annonce/4227917a-a727-47c2-8078-b8bd9296aadf
sayyaratn.com;Peugeot 208 2016 — 25 500 DT;Peugeot;208;2016;25500;227000;essence;manuelle;;;;;;2026-07-26;Active;https://www.sayyaratn.com/annonce/5ee3a743-08ae-4c6d-804b-e22692622355
sayyaratn.com;Suzuki Grand vitara 2008 — 31 800 DT;Suzuki;Grand vitara;2008;31800;200000;essence;automatique;;;;;;2026-07-26;Active;https://www.sayyaratn.com/annonce/e7d3d770-9d27-4d2b-818f-a9b1dcd4bff9
sayyaratn.com;Dacia Dacia dokker van 2016 — 24 000 DT;Dacia;Dacia dokker van;2016;24000;;essence;manuelle;;;;;;2026-07-26;Active;https://www.sayyaratn.com/annonce/06ca7db9-3fb1-40f4-9d34-0165b39d835d
sayyaratn.com;Peugeot 206+ 2012 — 23 500 DT;Peugeot;206+;2012;23500;228000;essence;manuelle;;;;;;2026-07-26;Active;https://www.sayyaratn.com/annonce/6385df5e-fb0d-4c9f-a9d7-09cc2de3f625
sayyaratn.com;Renault Clio 3 2010 — 25 500 DT;Renault;Clio 3;2010;25500;197000;essence;manuelle;;;;;;2026-07-26;Active;https://www.sayyaratn.com/annonce/8c0d65b7-0fc0-4f4f-85dc-5b86421daa9f
sayyaratn.com;Suzuki Celerio 2023 — 32 500 DT;Suzuki;Celerio;2023;32500;101400;essence;manuelle;;;;;;2026-07-26;Active;https://www.sayyaratn.com/annonce/213ab197-06c7-4d95-a9a9-5b5d2d9e4b6f
sayyaratn.com;Audi A1 Sportback 2016 — 41 000 DT;Audi;A1 Sportback;2016;41000;150000;essence;manuelle;;;;;;2026-07-26;Active;https://www.sayyaratn.com/annonce/e0cd817d-60cc-444f-ad9e-818213b4ab4f
sayyaratn.com;Citroën DS4 2023 — 32 000 DT;Citroën;DS4;2023;32000;122000;essence;manuelle;;;;;;2026-07-26;Active;https://www.sayyaratn.com/annonce/f45c3a1f-a42d-42e6-a164-1f0a017be93e
sayyaratn.com;BMW e90 LCI 320i 2009 — 56 000 DT;BMW;e90 LCI 320i;2009;56000;200;essence;manuelle;;;;;;2026-07-26;Active;https://www.sayyaratn.com/annonce/df748e6c-ec43-496c-9e3d-9344e68a41c7
sayyaratn.com;Volkswagen Passat b6 2002 — 24 500 DT;Volkswagen;Passat b6;2002;24500;;essence;manuelle;;;;;;2026-07-26;Active;https://www.sayyaratn.com/annonce/b3d88593-f199-4083-b664-92894bcf7c67
sayyaratn.com;Audi A1 2011 — 32 000 DT;Audi;A1;2011;32000;260000;diesel;automatique;;;;;;2026-07-26;Active;https://www.sayyaratn.com/annonce/cc950779-37e6-4e24-a796-31d9aa2ead54
sayyaratn.com;Kia xceed 2022 — 89 900 DT;Kia;xceed;2022;89900;99000;essence;automatique;;;;;;2026-07-26;Active;https://www.sayyaratn.com/annonce/5ea82a40-40be-471f-a689-f28348e38cd3
sayyaratn.com;Skoda Fabia 2021 — 100 000 DT;Skoda;Fabia;2021;100000;3999981;essence;manuelle;;;;;;2026-07-26;Active;https://www.sayyaratn.com/annonce/a2a1f6f1-abcc-41ef-8b1b-34c63fe107f8
sayyaratn.com;Fiat fiat uno fire 2003 — 11 800 DT;Fiat;fiat uno fire;2003;11800;255800;essence;manuelle;;4;moyen;;;2026-07-29;Active;https://www.sayyaratn.com/annonce/aa600572-0bb4-4969-94e8-d1b7929d105c
sayyaratn.com;Nissan Navara 2010 — 46 000 DT;Nissan;Navara;2010;46000;268000;diesel;manuelle;;10;excellent;;;2026-08-04;Active;https://www.sayyaratn.com/annonce/e4e69994-680a-4e7a-be64-5f89cefae80b
sayyaratn.com;Renault Clio 2020 — 45 000 DT;Renault;Clio;2020;45000;70000;essence;manuelle;;5;excellent;;;2026-08-04;Active;https://www.sayyaratn.com/annonce/eb6d0baa-dbfd-4545-9b8f-05ddc2e1c236
sayyaratn.com;Volkswagen Tiguan 2023 — 97 000 DT;Volkswagen;Tiguan;2023;97000;158200;hybride;automatique;;8;excellent;;;2026-08-07;Active;https://www.sayyaratn.com/annonce/0fb1b9d0-bf3c-4bf1-9953-50efe52d6779
sayyaratn.com;MAHINDRA KUV100 2019 — 27 500 DT;MAHINDRA;KUV100;2019;27500;74500;essence;manuelle;;5;excellent;;;2026-08-12;Active;https://www.sayyaratn.com/annonce/048505e8-479f-4a56-bb99-db1625ba98c2
sayyaratn.com;Mahindra KUV 100 2018 — 25 DT;Mahindra;KUV 100;2018;25;118000;essence;manuelle;;5;tres_bon;;;2026-08-22;Active;https://www.sayyaratn.com/annonce/4287a13c-6b2f-4a4f-8ea0-763350c1d703
sayyaratn.com;Kia Sportage 2007 — 28 500 DT;Kia;Sportage;2007;28500;283000;diesel;manuelle;;9;bon;;;2026-08-24;Active;https://www.sayyaratn.com/annonce/9725ba8d-8b04-4568-a2c7-a96c9e1d337e
sayyaratn.com;Alfa Roméo Giulietta 2011 — 31 000 DT;Alfa Roméo;Giulietta;2011;31000;123000;essence;manuelle;;7;excellent;;;2026-09-05;Active;https://www.sayyaratn.com/annonce/8b5b50e7-2724-4203-aeff-670658bbb7aa
